{
  "_fv": 39,
  "_type": "recipe",
  "definition": {
    "recipeType": "Crafting",
    "xpReward": 0.0,
    "cookingTime": 200,
    "recipeRetstackSize": 1,
    "group": "",
    "recipeShapeless": false,
    "recipeSlots": [
      {
        "value": ""
      },
      {
        "value": ""
      },
      {
        "value": ""
      },
      {
        "value": "CUSTOM:RailwayCraftingItem"
      },
      {
        "value": "CUSTOM:SignDefaultAlt"
      },
      {
        "value": "Blocks.OAK_FENCE"
      },
      {
        "value": ""
      },
      {
        "value": ""
      },
      {
        "value": ""
      }
    ],
    "recipeReturnStack": {
      "value": "CUSTOM:SignNoEntry"
    },
    "name": "recipe_sign_no_entry",
    "namespace": "mod"
  }
}