{
  "_fv": 39,
  "_type": "recipe",
  "definition": {
    "recipeType": "Crafting",
    "xpReward": 0.0,
    "cookingTime": 200,
    "recipeRetstackSize": 1,
    "group": "",
    "recipeShapeless": false,
    "recipeSlots": [
      {
        "value": ""
      },
      {
        "value": ""
      },
      {
        "value": "Items.DYE#1"
      },
      {
        "value": "CUSTOM:RailwayCraftingItem"
      },
      {
        "value": "CUSTOM:SignDefault"
      },
      {
        "value": "Items.FEATHER"
      },
      {
        "value": ""
      },
      {
        "value": ""
      },
      {
        "value": ""
      }
    ],
    "recipeReturnStack": {
      "value": "CUSTOM:SignLineA1"
    },
    "name": "recipe_sign_line_a_1",
    "namespace": "mod"
  }
}